code,guide_tier,guide_weight,violation_code_title,in_our_54,in_ovs_def
PM-302.2/1,Level 1,1,EXT A-CLEAN/EXTERMINATE,FALSE,FALSE
PM-302.2/2,Level 1,1,EXT A-CLEAN RUBBISH/GARBAGE,FALSE,FALSE
PM-302.3/1,Level 1,1,EXT A-CLEAN WEEDS/PLANTS,FALSE,FALSE
PM-302.4/6,Level 1,1,DRAINAGE-DOWNSPOUT CONNECT,FALSE,FALSE
PM-302.4/7,Level 1,1,DRAINAGE-DOWNSPOUT REPR/REPLC,FALSE,FALSE
PM-304.1/1,Level 1,1,EXT S-EXTERIOR REPAIR/MAINTAIN,FALSE,FALSE
PM-304.6/1,Level 1,1,EXT S-CHIMMEYS/TOWERS MAINTAIN,FALSE,FALSE
PM-304.8/1,Level 1,1,EXT S-WINDOW REPAIR/MAINTAIN,FALSE,FALSE
PM-304.8/15,Level 1,1,EXT S-DOOR WEATHERTIGHT,FALSE,FALSE
PM-304.8/16,Level 1,1,EXT S-WINDOW REPAIR/REPLACE,FALSE,FALSE
PM-304.8/17,Level 1,1,EXT S-DOOR REPAIR/REPLACE,FALSE,FALSE
PM-304.8/18,Level 1,1,EXT S-DOORFRAME REPAIR/REPLACE,FALSE,FALSE
PM-304.8/19,Level 1,1,EXT S-WINDOW/FRAME RODENTPROOF,FALSE,FALSE
PM-304.8/2,Level 1,1,EXT S-DOORS MAINTAIN,FALSE,FALSE
PM-304.8/20,Level 1,1,EXT S-DOORS/FRAMES RODENTPROOF,FALSE,FALSE
PM-304.8/21,Level 1,1,MIX USE PROP REPLAC W/D 80%,FALSE,FALSE
PM15-304.10,Level 1,1,"EXTERIOR STRUCTURE STAIRS, DECKS, PORCHES",FALSE,FALSE
PM15-304.11,Level 1,1,EXTERIOR STRUCTURE CHIMNEYS TOWERS,FALSE,FALSE
PM15-304.19,Level 1,1,DOOR AND WINDOW OCCUPIED/MIXED,FALSE,FALSE
PM15-304.19O,Level 1,1,DOOR AND WINDOW OCCUPIED/MIXED,FALSE,FALSE
PM15-304.2,Level 1,1,EXTERIOR STRUCTURE PROTECTIVE TREATMENT,FALSE,FALSE
PM15-304.8,Level 1,1,EXTERIOR STRUCTURE DECORATIVE FEATURES,FALSE,FALSE
PM15-308.1,Level 1,1,RUBBISH & GARBAGE,FALSE,FALSE
PM15-309.1,Level 1,1,PEST ELIMINATION INFESTATION,FALSE,FALSE
PM15-309.3,Level 1,1,PEST ELIMINATION INFESTATION SINGLE OCCUPANT,FALSE,FALSE
PM15-309.4,Level 1,1,PEST ELIMINATION INFESTATION,FALSE,FALSE
PM-304.2/1,Level 2,2,"EXT S-FOUNDATION WALLS, MAINTA",FALSE,FALSE
PM-304.3/1,Level 2,2,EXT S-WALLS REPAIR/MAINTAIN,FALSE,FALSE
PM-304.3/2,Level 2,2,EXT S-WALLS MAKE WEATHERTIGHT,FALSE,FALSE
PM-304.3/3,Level 2,2,EXT S-WALLS REPAIR BULGING,FALSE,FALSE
PM-304.3/4,Level 2,2,EXT S-WALLS REPAIR CRACKS,FALSE,FALSE
PM-304.3/5,Level 2,2,EXT S-WALLS REPAIR STUCCO,FALSE,FALSE
PM-304.5/2,Level 2,2,EXT S-EXPOSED SURFACES MAINTAI,FALSE,FALSE
PM-304.5/3,Level 2,2,EXT S-CORNICE BARGEBOARD DEFEC,FALSE,FALSE
PM15-110.7,Level 2,2,ID WORK SCHEDULE REQ,FALSE,FALSE
PM15-302.1,Level 2,2,EXTERIOR AREA SANITATION,FALSE,FALSE
PM15-302.4,Level 2,2,EXTERIOR AREA WEEDS,FALSE,FALSE
PM15-302.5,Level 2,2,EXTERIOR AREA RODENT HARBORAGE,FALSE,FALSE
PM15-304.13,Level 2,2,"EXTERIOR STRUCTURE WINDOWS, SKYLIGHTS DOOR FRAMES",FALSE,FALSE
PM15-304.15,Level 2,2,EXTERIOR STRUCTURE DOORS,FALSE,FALSE
PM15-304.16,Level 2,2,EXTERIOR STRUCTURE HATCHWAY,FALSE,FALSE
PM15-304.4,Level 2,2,EXTERIOR STRUCTURE STRUCTURAL MEMBERS,FALSE,FALSE
PM15-304.5,Level 2,2,EXTERIOR STRUCTURE FOUNDATIONS,FALSE,FALSE
PM15-304.6,Level 2,2,EXTERIOR STRUCTURE WALLS,FALSE,FALSE
PM15-304.7,Level 2,2,EXTERIOR STRUCTURE ROOF DRAINAGE,FALSE,FALSE
9-3905,Level 3,3,VACANT STRUCTURE LICENSE,TRUE,TRUE
CP-103,Level 3,3,LICENSE - VACANT BUILDING,TRUE,TRUE
PM-102.4/2,Level 3,3,LICENSE-VAC RES BLDG,TRUE,TRUE
PM-102.4/4,Level 3,3,LICENSE-VAC COMM BLDG,TRUE,TRUE
PM-304.4/1,Level 3,3,EXT S-ROOF REPAIR,FALSE,FALSE
PM-306.0/1,Level 3,3,VACANT PROP STANDARD,TRUE,FALSE
PM-306.0/90,Level 3,3,VACANT BLDG KEEP CLEAN GET LIC,TRUE,FALSE
PM-306.2/1,Level 3,3,VACANT BLDG UNSECURED COUNT,TRUE,FALSE
PM-306.2/4,Level 3,3,VAC PROP REPLAC WIN/DRS 80%,TRUE,FALSE
PM-306.2/90,Level 3,3,VACANT BLDG - VOTA,TRUE,FALSE
PM-306.2/91,Level 3,3,CP VAC PROP REPLAC WIN/DRS 80%,TRUE,FALSE
PM-306.2/92,Level 3,3,VAC PROP REPLAC WIN/DRS 80% CP,TRUE,FALSE
PM-307.1/1,Level 3,3,VACANT PROP UNSAFE,TRUE,FALSE
PM-307.1/11,Level 3,3,WALL DETERIORATED,FALSE,FALSE
PM-307.1/12,Level 3,3,WALL PARTIALLY COLLAPSED,FALSE,FALSE
PM-307.1/13,Level 3,3,WALL FIRE DAMAGED,FALSE,FALSE
PM-307.1/19,Level 3,3,VACANT BLDG UNSEC/UNSAFE CSU,TRUE,FALSE
PM-307.1/2,Level 3,3,ROOF DETERIORATED,FALSE,FALSE
PM-307.1/3,Level 3,3,ROOF PARTIALLY COLLAPSED,FALSE,FALSE
PM-307.1/4,Level 3,3,ROOF FIRE DAMAGED,FALSE,FALSE
PM-307.1/5,Level 3,3,F/C DETERIORATED,FALSE,FALSE
PM-307.1/6,Level 3,3,FLOOR/CEILING PARTIALLY COLL,FALSE,FALSE
PM-307.1/7,Level 3,3,FLOOR/CEILING FIRE DAMAGED,FALSE,FALSE
PM-307.1/8,Level 3,3,WALL BULGED,FALSE,FALSE
PM-307.1/9,Level 3,3,WALL FRACTURED,FALSE,FALSE
PM-307.1/90,Level 3,3,VACANT BLDG - UNSAFE,TRUE,FALSE
PM-307.2/1,Level 3,3,VACANT PROP UNSAFE EQUIPMENT,TRUE,FALSE
PM-307.3/1,Level 3,3,UNFIT PROP STANDARD,FALSE,FALSE
PM-307.3/2,Level 3,3,UNFIT PROP CEASED,FALSE,FALSE
PM-307.3/90,Level 3,3,UNSAFE - UNFIT NO EVAC,TRUE,FALSE
PM-307.3/91,Level 3,3,UNSAFE - UNFIT RELOCATE,TRUE,FALSE
PM-308.1/1,Level 3,3,ROOF DETERIORATED ID,FALSE,FALSE
PM-308.1/10,Level 3,3,WALL DETERIORATED IDF,FALSE,FALSE
PM-308.1/11,Level 3,3,WALL PARTIALLY COLLAPSED ID,FALSE,FALSE
PM-308.1/12,Level 3,3,WALL FIRE DAMAGED ID,FALSE,FALSE
PM-308.1/2,Level 3,3,ROOF PARTIALLY COLLAPSED ID,FALSE,FALSE
PM-308.1/3,Level 3,3,ROOF FIRE DAMAGED ID,FALSE,FALSE
PM-308.1/4,Level 3,3,F/C DETERIORATED ID COLLAPSE,FALSE,FALSE
PM-308.1/5,Level 3,3,FLOOR/CEILING PARTIALLY C ID,FALSE,FALSE
PM-308.1/6,Level 3,3,FLOOR/CEILING FIRE DAMAGED ID,FALSE,FALSE
PM-308.1/7,Level 3,3,WALL BULGED ID,FALSE,FALSE
PM-308.1/8,Level 3,3,WALL CRACK/FRACT ID,FALSE,FALSE
PM-308.1/9,Level 3,3,WALL LOOSE/MISS BRICKS ID,FALSE,FALSE
PM15-108.1,Level 3,3,UNSAFE STRUCTURE,FALSE,FALSE
PM15-108.2,Level 3,3,VACANT & OPEN,TRUE,FALSE
PM15-109.1,Level 3,3,UNFIT STRUCTURE,FALSE,FALSE
PM15-110.1,Level 3,3,ID STRUCTURE,FALSE,FALSE
PM15-301,Level 3,3,VACANT STRUCTURE & LAND,TRUE,TRUE
PM15-304.1,Level 3,3,GENERAL EXTERIOR VIOLATIONS,FALSE,FALSE
PM15-304.19V,Level 3,3,DOOR AND WINDOW VACANT,TRUE,FALSE
PM15-304.1A,Level 3,3,EXTERIOR STRUCT UNSAFE COND 1,FALSE,FALSE
PM15-304.1B,Level 3,3,EXTERIOR STRUCT UNSAFE COND 2,FALSE,FALSE
PM15-304.1C,Level 3,3,EXTERIOR STRUCT UNSAFE COND 3,FALSE,FALSE
PM15-304.1D,Level 3,3,EXTERIOR STRUCT UNSAFE COND 4,FALSE,FALSE
PM15-304.1E,Level 3,3,EXTERIOR STRUCT UNSAFE COND 5,FALSE,FALSE
PM15-304.1F,Level 3,3,EXTERIOR STRUCT UNSAFE COND 6,FALSE,FALSE
PM15-304.1G,Level 3,3,EXTERIOR STRUCT UNSAFE COND 7,FALSE,FALSE
PM15-304.1H,Level 3,3,EXTERIOR STRUCT UNSAFE COND 8,FALSE,FALSE
PM15-304.1I,Level 3,3,EXTERIOR STRUCT UNSAFE COND 9,FALSE,FALSE
PM15-304.1J,Level 3,3,EXTERIOR STRUCT UNSAFE COND 10,FALSE,FALSE
PM15-901.1,Level 3,3,VACANT & OPEN PROPERTIES,TRUE,TRUE
PM15-901.2,Level 3,3,VACANT PROPERTIES- BLIGHTED CONDITION,TRUE,TRUE
PM15-902.1,Level 3,3,LARGE VACANT PROPERTIES- OPENINGS IN GOOD REPAIR,TRUE,FALSE
